516.25,95.5,0.8,1.98,0
823.44,123.5,1.15,1.32,0
487.75,184.56,0.03,2.04,0
834.81,217,3.45,2.13,0
748.25,75.38,3.6,0.94,0
798.38,254.25,0.51,0.88,0
667.44,129.88,2.89,1.24,0
759,196,3.1,3,0
991.06,255.88,4.84,4.11,0
926.19,234.25,2.04,3.25,0
893.5,114.75,2.93,3.48,0
904.25,230.69,1.13,3.25,0
573.13,300.94,3.74,3.43,0
465.69,84.75,0.89,4.03,0
939.5,106.13,2.57,3.45,0
524.13,109.5,2.09,3.57,0
461,57.13,4.48,4.11,0
675.25,59.38,5.41,3.95,0
804,82.38,1.53,4.11,0
1014.19,59.69,0.43,4.05,0
766.19,119.19,3.36,4.11,0
685.75,299.44,4,4,0
894.56,97.13,3.83,3.83,0
637.63,273.63,4.49,4.11,0
798.19,161.38,0.38,4.11,0
722.25,284,2.12,3.72,0
546.69,156.56,3.23,3.87,0
750.63,127.94,1.84,3.73,0
821.69,176.69,0.17,4.11,0
953.5,122.06,0.66,3.49,0
849.56,100,3.75,4.11,0
948.5,164.69,4,3.95,0
588.56,231,0.31,4.02,0
873.38,309.44,5.28,4.11,0
938.06,271.06,0.73,4.11,0
999.88,362.13,4.62,4.1,0
1029.88,108.88,2.78,4.11,0
872.25,140.13,1.86,4.11,0
584.06,361.81,10.62,4.01,0
557.94,118.25,39.83,4.11,0
575.25,157.13,74.99,4.11,0
667.75,157.13,152.23,4.07,0
575.13,102.75,22.78,3.84,0
562.75,144.31,22.69,3.23,0
553.81,142.5,92.97,4.11,0
569.75,173.75,108.07,3.87,0
555.63,169.69,1.78,3.36,0
610.81,110.31,12.5,3.76,0
881.63,170,21.25,4.06,0
924.94,152.81,77.98,4.11,0
924.94,121.38,10,3.04,0
924.94,80.63,22.65,0.28,0
577.75,124.69,23.98,0.57,0
607,130.56,17.11,0.43,0
547,57.5,47.8,0.31,0
590.06,53.94,4.08,0.25,0
798,75.75,14.08,0.36,0
545.69,407.69,20.4,0.78,0
607.19,408.06,29.58,0.45,0
564,470.56,52.31,1.01,0
503,413.13,58.52,0.76,0
615.13,438.38,45.46,0.89,0
607.69,427.88,24.63,0.27,0
572.06,60.75,2.82,2.17,0
621.38,65.69,4.33,0.88,0
550.81,68.94,1.22,0.88,0
576.5,73.25,8.51,0.72,0
631.38,59.31,6.43,0.96,0
667.06,74.44,0.57,0.54,0
588.69,72.19,10.29,0.64,0
563.5,68.13,1.5,0.26,0
584.81,66.81,0.32,0.37,0
589.94,59.19,10.3,0.36,0
545.25,61.19,5.46,0.32,0
621.38,59.56,3.27,0.44,0
548.19,78.69,0.49,0.97,0
577.88,60.44,7.25,0.32,0
554.88,84,2.21,0.26,0
554.38,97.25,12.32,0.33,0
597,69.19,0.62,0.44,0
553.94,71.44,4.58,0.37,0
563.63,72.69,13.38,0.7,0
594.63,71.94,0.62,0.37,0
570.63,101.69,11,0.59,0
546.44,84.44,6.33,0.63,0
558.63,76.06,12.35,0.31,0
584.88,77.88,3.42,0.36,0
543.5,74.5,11.31,0.7,0
545.5,69.94,7.31,0.31,0
540.5,65.56,2.62,0.86,0
589.38,81.63,4.15,0.45,0
509.13,71.06,1.97,0.28,0
570.06,95.63,5.78,0.28,0
505.06,88.75,13.39,1.61,0
541.69,109.63,1.27,0.67,0
589.63,85.63,3.01,0.33,0
551.13,63.94,1.27,1.75,0
607.81,71.38,2.45,4.07,0
603.56,71.88,0.13,4.07,0
553.25,74.81,3.2,4.07,0
558,61.63,4.12,3.99,0
586.81,77.94,2.34,4.07,0
506,73.63,4.5,4.07,0
654.88,64.88,3.83,3.94,0
592.19,62.44,7.53,3.93,0
555.25,24.56,3.08,3.93,0
533.19,22.69,3.68,3.93,0
610.13,24.06,0.74,3.93,0
529.88,19.06,2.93,4.07,0
607.13,23.94,1.15,4.07,0
563.31,21.56,0.46,1.7,0
559.69,25.69,4.86,2.08,0
503.13,26.94,1.01,4.07,0
513.5,26.94,6.29,3.95,0
530.44,38.25,3.38,4.07,0
532.88,21.5,4.59,3.01,0
524.25,50.13,1.7,4.07,0
418,26.06,6.59,2.91,0
527.06,21.38,6.89,2.25,0
451.69,35,19.55,4.07,0
451.88,18,2.18,3.74,0
617.38,26.69,2.45,2.3,0
520.81,49.5,6.72,4.07,0
541.5,29.19,13.39,2.42,0
577,21.06,7.19,4.07,0
487.44,28.13,2.98,4.07,0
590.94,20.56,1.34,4.07,0
592.94,30.13,6.28,4.07,0
497.63,30.31,3.42,4.07,0
517.88,29,1.48,4.07,0
471.5,28.81,0.43,4.07,0
343.25,26.44,0.71,4.07,0
385.5,42.81,3.26,3.6,0
417.88,27.5,1.94,3.89,0
463,30.63,1.01,4.07,0
363.13,23.56,1.11,1.67,0
421.13,30.25,3.01,3.86,0
393.5,26.5,2.99,4.02,0
579.06,29.56,1.85,1.99,0
563.44,24.75,1.68,3.84,0
367.5,24.94,2.27,4.07,0
427.13,23.75,1.48,4.07,0
875.19,22.75,3.69,4.07,0
488.69,21.69,7.46,4.07,0
508.63,22.19,8.48,4.07,0
543.06,30.81,1.51,4.07,0
552.44,34.63,0.1,4.07,0
561.56,26.94,4.65,4.07,0
580.63,30.69,12.95,4.07,0
409.19,31.25,14.08,4.07,0
774.25,23.56,1.33,4.07,0
492,34.25,3.78,3.78,0
528.19,31.88,6.04,3.78,0
560.06,24.69,1.99,4.07,0
666.13,29.63,1.2,4.07,0
463.81,31.81,2.62,4.07,0
363.44,21.88,0.95,4.07,0
515.75,39.44,2.71,4.07,0
444.31,71.06,12.91,2.66,0
323.13,94.44,10.14,2.66,0
320.5,72.56,9.01,3.45,0
297.19,75.06,13.7,1.8,0
488.81,76.75,3.79,4.07,0
382.81,90.38,6.81,4.07,0
382.5,78.31,15.28,4.07,0
450,77.38,5.02,4.06,0
345.75,92.75,15.11,2.54,0
315.5,91.63,10.08,2.39,0
389.44,77.19,12.14,3.92,0
421.63,79.88,6.52,1.8,0
408.25,96.88,1.65,2.44,0
400.69,94.44,2.45,4.04,0
290.81,82.38,6.65,3.42,0
308.75,97.75,12.18,2.75,0
325.69,90.06,7.09,1.71,0
297.56,94.88,12.26,1.88,0
371.25,96.13,12.24,2.65,0
440.75,69.31,24.72,2.65,0
386.88,82.75,11.26,2.65,0
337.69,81,5.77,2.65,0
317.69,104,1.31,2.65,0
465.31,92.56,9.87,3.25,0
459.63,87.13,12.19,2.25,0
396.38,91.25,5.49,2.66,0
408.56,84.94,14.1,2.66,0
438.25,89.75,9.62,3.99,0
337.81,98.25,7.68,2.44,0
309.5,91.88,4.36,3.19,0
554.5,92.75,12.01,2.7,0
544.5,81.63,10.44,3.13,0
526.56,80.25,8.18,2.27,0
542.88,83.5,9.41,1.9,0
472.88,88.38,6,1.94,0
500.63,95.13,14.63,3.19,0
500.25,93.94,9.37,4.08,0
556,87.88,10.54,2.29,0
539.31,75,12.51,2.24,0
497.13,81.94,16.28,1.82,0
324.13,85.5,5.83,1.98,0
559.88,86.69,12.52,2.86,0
546.13,76.94,10.91,2.86,0
532.25,88.25,4.36,2.86,0
536.56,77.69,9.92,2.9,0
570,106.94,6.99,3.92,0
534.63,90.69,12.89,3.42,0
529.44,89,7.8,2.13,0
442.44,90.13,9.87,4.06,0
572.13,78.69,10.22,1.87,0
530.88,168.25,2.51,2.54,0
526.06,124.88,3.71,3.4,0
534.44,39.38,1.82,3.4,0
572.19,38.13,3.25,3.4,0
552.25,63.25,4.39,2.03,0
545.06,84.63,3.97,4.08,0
512,111,3.18,4.08,0
553,51.94,1.27,4.08,0
541,94.31,1.91,4.08,0
552.38,47.88,2.77,3.92,0
555.44,84.25,8.94,1.72,0
566.69,45.38,4.05,1.92,0
577.25,70.88,3.42,3.08,0
544.56,40.88,0.39,2.83,0
519,98.94,0.81,2.83,0
543.06,94.56,10.09,1.79,0
547.06,46.81,13.93,4.06,0
539.5,75.44,2.32,4.06,0
520.63,39.56,1.84,4.06,0
521.81,66.63,6.37,1.95,0
537.25,113.31,4,2.75,0
517.31,61.5,0.95,1.72,0
522,72.31,1.65,3.94,0
551.25,74.06,9.07,4.09,0
518.5,42.19,3.11,2.83,0
500.13,40.69,0.71,2.23,0
543.44,90.81,3.91,4.08,0
550.81,111.94,6.42,2.3,0
517.25,45.25,7.4,4.09,0
541.88,162.5,5.98,3.68,0
520.06,40.56,2.29,1.82,0
563.94,39.81,0.3,3.39,0
563.75,41.75,4.05,2.22,0
558.31,78,8.1,4.08,0
350.38,45.63,4.48,2.7,0
467.44,67.94,6.17,2.88,0
398.75,95.19,9.31,1.84,0
329.94,43.88,4.55,2.31,0
355.06,37.69,7.76,4.08,0
385.38,82.44,3.65,4.08,0
285.25,83.94,7.3,4.08,0
316.5,132.31,3.82,4.02,0
331.5,69.31,12.26,2.07,0
355.94,71.88,0.21,3.76,0
352.44,89.06,5.27,3.1,0
370.19,84.13,0.24,3.1,0
610.94,51.06,1.43,4.08,0
293.56,111.75,1.55,2.51,0
302.63,75.88,2.17,2.96,0
487.88,51.94,1.63,1.72,0
386.13,82.94,6.3,2.43,0
611.31,39.88,9.12,1.87,0
566.38,63.25,4.09,2.83,0
327.31,112,2.56,1.59,0
302.06,93.94,1.58,1.69,0
424.75,56.31,1.43,1.77,0
340.69,42.5,11.53,2.05,0
378.06,83,1.36,1.78,0
388.88,77.38,1.68,1.54,0
349.63,43.31,0.66,1.84,0
424.88,77.75,1.65,1.6,0
291,99.06,3.56,2.04,0
418.19,101.06,0.43,1.65,0
299,97,6.98,1.71,0
357.13,48.25,3.77,2.46,0
443.38,66.19,1.74,1.62,0
391.88,57.19,12.17,2.39,0
292.69,49.19,3.12,2.18,0
286.25,77,0.54,1.87,0
370.63,119.56,2.42,1.54,0
318,56.13,3.02,1.66,0
390.38,52.81,1.29,3.51,0
312.56,56.94,5.28,2.35,0
334.31,72.31,4.81,4.11,0
376.44,74.44,2.29,4.11,0
298.31,50.13,1.96,2.19,0
374.94,40.81,0,1.55,0
334.06,85.81,5.06,3.02,0
339.75,96.81,11.67,3.02,0
306.5,45,1.64,2.73,0
440.94,94.63,2.14,1.87,0
367.25,44.44,0.71,2.07,0
360.75,68.75,11.94,2.07,0
215.31,42.06,10.15,2.12,0
279.63,73.81,5.63,1.94,0
343.25,57.69,2.51,1.73,0
209.31,50.94,1.35,1.75,0
318.56,62.19,6.05,2.8,0
244.38,54,5.97,1.94,0
296.13,87.25,4.14,1.64,0
245.5,42.69,2.74,1.99,0
244.5,53.88,0.02,3.33,0
233.19,90.81,5.52,3.33,0
274.94,46.13,11.12,1.76,0
196.25,55.13,2.64,1.63,0
386.94,88.06,6.45,1.86,0
257.56,60.25,9.28,1.88,0
199.56,62.63,8.59,1.72,0
346.88,58,7.86,2.45,0
297.13,65.31,2.57,1.72,0
437.63,41.25,7.86,1.83,0
196.81,44,0.15,2.32,0
302.5,72.69,2.85,2.11,0
192.69,55.31,4.66,2.63,0
291.75,61.94,3.55,3.29,0
301.88,75.19,1.41,2.64,0
325.25,51.25,3.6,1.74,0
282.19,57.69,2.94,2.41,0
331,47.81,1.52,2.94,0
214.13,69.5,0.23,3.12,0
301.69,42.81,4.05,1.86,0
203.56,68.31,6.58,2.55,0
370.81,57.19,8.12,2.92,0
324.06,80.56,6.76,3.17,0
628.69,66.19,6.58,3.82,0
576.25,47.13,1.17,3.64,0
579.44,80.13,6.92,2.52,0
587,46,0.45,2.49,0
638.88,68,0.94,2.14,0
583.63,68.69,9.31,2.28,0
606.5,61.88,6.51,2.48,0
476.13,56,2.4,2.79,0
654.13,78.5,1.38,2.69,0
627.81,61.63,3.16,3.68,0
593,52.38,13.24,3.1,0
658.63,43.81,4.33,2.54,0
582.69,51.75,1.55,2.01,0
619.75,64.44,7.6,1.84,0
640.81,56.13,8.11,1.7,0
614.5,42.56,3.76,2.4,0
576.5,55.56,3.39,1.85,0
683.25,51.06,2.64,2.62,0
708.44,54.56,5.08,3.2,0
615.19,48.81,2.34,3.03,0
659.5,41.56,1.32,3.69,0
601.81,58.31,2.69,3.82,0
434.19,62.38,2.91,2.99,0
616.31,52.44,2.56,3.19,0
652.06,52.44,2.19,2.63,0
484.31,67.13,6.83,2.21,0
661.25,49.44,2.28,3.39,0
681.94,58.75,3.17,2.58,0
677.69,52.56,4.96,4.11,0
622.13,75.75,2.49,4.11,0
503.31,36.88,1.69,2.27,0
575.06,22,0.08,2.45,0
400.5,26.88,5.15,3.55,0
643.75,20.31,4.1,3.32,0
648.25,25.88,2.83,2.57,0
662.5,25.5,3.8,2.07,0
466.88,21.5,2.6,4.11,0
603.5,19.38,0.09,3.27,0
626.75,37.63,2.32,4.03,0
616.5,21.56,2.22,3.9,0
584.5,27.63,2.55,2.16,0
656.75,27.63,4.27,4.11,0
517.94,25.88,2.9,4.11,0
480.19,26.63,2.18,4.11,0
624.56,23.88,1.5,4.11,0
480.38,39.31,1.12,4.11,0
464,29.75,1.99,3.13,0
420.5,22.63,3.55,4.11,0
622.94,20.81,3.64,3.18,0
644.13,29.81,2.02,3.18,0
463.69,22.94,5.22,2.81,0
795.94,29,1.37,2.8,0
621.31,90.13,1.05,4.11,0
699.63,36.81,0.06,4.01,0
651.25,25.19,5.02,4.01,0
652.94,27.38,1.12,2.66,0
536.31,24.81,6.43,4.04,0
673.44,29.19,3.12,1.91,0
754.38,29.19,2.54,4.11,0
493.19,31.38,0.95,4.11,0
674.94,22.19,7.37,2.23,0
412.75,29.31,0.88,3.54,0
437.06,32.31,2.39,3.54,0
556.63,32.81,2.8,4.1,0
443.75,24.75,0.87,4.11,0
609.56,26.56,1.45,2.75,0
702.88,29.56,2.27,4.11,0
682.19,25.69,2.9,4.11,0
651.5,32.31,3.28,4.04,0
499,31.13,1.79,2.18,0
745.5,37.56,2.15,4.11,0
564.06,22.56,1.53,2.94,0
599.25,56,6.45,2.36,0
400.69,43.06,5.02,1.85,0
617.81,33,0.09,4.11,0
549.81,35.31,0.9,4.11,0
735.44,24.38,0.89,3.12,0
774.63,21.56,6.98,3.12,0
475,44.13,2.28,2.48,0
370.81,26.94,0.3,2.04,0
614.19,33.25,2.91,4.07,0
386.5,48.69,2.97,3.28,0
616.94,25,2.41,2.74,0
619.81,21.06,9,1.86,0
453,19.31,2.09,3.35,0
370.13,99.75,0.21,4.02,0
622.88,15.69,3.47,4.11,0
614.44,40.69,0.58,4.11,0
577.19,18.44,4.87,2.27,0
594.63,30,2.54,2.11,0
705.06,73.81,0.08,2.09,0
409.63,18.38,2.1,2.03,0
497.13,30.25,3.19,1.98,0
571.63,22,0.75,2.03,0
431.06,35.25,10.19,3.49,0
387.19,20.31,1.19,3.18,0
329.19,24.44,6.85,4.11,0
405.88,17.38,8.22,4.11,0
502.75,20.88,2.37,4.11,0
395.63,21.25,6.31,4.11,0
576.31,18,7.34,4.11,0
428.56,18.56,0.01,4.11,0
571.94,49.19,4.32,4.03,0
624.94,35.13,3.17,2.28,0
430.38,21.38,7.99,4.11,0
472.31,53.63,0.26,2.61,0
840.06,21.44,7.15,2.23,0
727.31,28.69,6.26,4.09,0
411,22.38,5.18,3.77,0
413.19,24.06,0.26,2.43,0
680.13,30.56,4.37,3.42,0
505.5,25.5,2.9,3.08,0
454.5,25.69,7.62,3.28,0
506.5,30.06,0.85,2.18,0
458.44,22.75,5.72,2.57,0
424.88,27.81,8.91,4.1,0
447.06,27.75,7.91,3.21,0
432.5,25.56,10.75,2.72,0
427.94,23.19,10.74,2.67,0
442.13,21.5,7.02,3.37,0
423.81,32.94,0.02,2.1,0
459.81,26.44,1.27,2.84,0
424.63,18.56,8.81,2.92,0
417.38,71.63,7.23,2.85,0
544.19,27.31,8.44,3.77,0
416.5,93.69,14.33,4.1,0
358.06,54.13,10.32,3.39,0
442.06,27.5,0.38,2.4,0
714.5,35.5,1.59,4.03,0
619.88,53.13,3.68,3.05,0
446.88,29.75,1.09,2.47,0
416.56,21.88,9.17,2.36,0
705.31,31.88,3.75,3.78,0
449.06,61.75,5.73,2.35,0
390.19,118.75,24.22,2.1,0
512.88,61.63,8.48,4.05,0
403,62.06,4.74,4.05,0
473.31,132.75,30.39,3.16,0
425.13,103.63,0.92,3.31,0
525.94,103.56,6.1,2.55,0
658.75,127.81,9.61,2.3,0
697.25,111,6.19,3.38,0
688.56,63.69,0.52,2.48,0
670.31,95.88,18.92,4.1,0
655.06,72.31,14.74,3.4,0
614.06,100.25,4.28,2.48,0
564.63,84.31,15.42,3.28,0
738,120.63,0.83,2.56,0
719.88,137.31,14.34,2.27,0
744.19,107.44,10.4,4.1,0
751.81,92.94,7.27,2.32,0
617.19,66.25,12.87,3.8,0
720.81,107.75,15.44,3.31,0
691.44,129.5,26.96,2.15,0
773.25,73.44,5.69,2.34,0
912.19,96.13,28.46,2.79,0
866.69,116.31,35.33,2.71,0
718.63,148.06,3.66,2.64,0
715.38,64.88,10.59,2.43,0
901.38,84.25,13.71,2.71,0
849.31,63.38,17.93,3.8,0
697.38,146.31,3.54,2.12,0
570.56,94.75,11.27,2.57,0
621.75,156.56,26.11,4.02,0
664.13,93.81,10.44,2.16,0
654.75,87.69,27.05,3.48,0
689.06,62.81,18.57,4.09,0
660.94,82.13,14.22,2.97,0
680.06,61.56,0.26,2.15,0
720.69,87.88,5.43,2.94,0
648.44,93.69,4.81,3.74,0
609,66.38,5.25,2.36,0
640.56,90.63,12.03,2.14,0
813.94,66.69,4.53,2.09,0
733.13,65.25,24.36,3.96,0
727.81,84.13,2.63,2.26,0
711.19,108.25,1.93,2.42,0
644.06,106.19,0.26,4.1,0
709.25,66.56,3.5,3.23,0
884.13,122.31,0.9,2.28,0
626.69,79.38,8.54,2.35,0
710.38,80.38,27.8,3.31,0
803.63,82.88,8.82,4.11,0
735.19,126.5,10.37,4.11,0
604.13,110,12.07,4.11,0
844.44,66.5,15.04,4.11,0
626.19,104.69,18.13,4.11,0
610.81,140.94,19.72,3.12,0
718.75,83.13,7.93,4.11,0
622.94,153.5,11.65,4.11,0
661.81,64.63,9.48,4.11,0
337.63,116.94,1.11,4.11,0
337.63,136.5,25.36,4.11,0
224.81,107,3.52,4.11,0
325.75,115.13,51.12,4.11,0
310.31,77.25,10.34,4.11,0
259,96.75,4.18,4.11,0
237.38,70.13,5.55,3.35,0
872.81,82.81,21.39,4.06,0
233.63,65.19,25.53,3.86,0
854.56,78.19,3.88,4.11,0
225.31,85.69,3.48,4.11,0
195.5,114.13,3.94,2.13,0
837.5,69,8.63,2.34,0
192.63,152.88,22.42,2.72,0
191.75,95.88,15.72,2.52,0
232.81,78.5,6.04,2.8,0
206.38,80.69,3.77,2.53,0
294.31,118.69,47.85,2.29,0
277.5,78,16.18,2.3,0
216.88,168.88,34.62,2.54,0
205.25,62,0.66,2.38,0
256.31,67.38,6.98,2.08,0
204.31,211.25,11.02,2.28,0
201.63,91.06,24.15,2.18,0
233.75,103.88,8.42,2.72,0
222.44,77.31,5.83,2.58,0
251.25,72.81,3.19,2.72,0
237.31,64.31,14.25,2.59,0
312.75,122.63,19.84,2.31,0
312.75,89.75,18.65,2.82,0
205.69,62.56,12.58,2.12,0
237.69,92.06,1.46,2.18,0
218.5,115.75,13.17,2.17,0
249.13,99.06,11.9,2.45,0
237.69,89.38,7.87,2.7,0
291.69,102.69,24.31,2.52,0
288.25,106.38,1.5,2.86,0
240.31,91.56,18.46,3.29,0
185.31,69.06,27.69,2.46,0
248.75,77.31,9.45,3.3,0
339.5,83.63,6.58,2.39,0
323.75,103.31,28.42,3.26,0
260.25,81.38,11.02,2.53,0
312.63,96.19,16.26,2.52,0
708.31,64.25,5.34,2.54,0
680.56,67.5,34.34,2.99,0
591.69,82.69,3.51,3.05,0
552.69,68.75,0.35,2.55,0
588.38,63.44,24.25,2.62,0
589.5,110.44,2.37,2.57,0
611.06,85.69,6.12,2.69,0
403.44,71.69,6.02,3.1,0
439.38,77.19,15.04,2.67,0
665.5,93,23.16,2.5,0
406.94,91.25,1.36,2.97,0
447.69,82.31,24.2,2.57,0
496.25,118.69,7.89,2.56,0
541.13,69.44,0.7,2.28,0
656.94,81.56,8.12,2.22,0
590.06,77.25,33.23,2.2,0
609.19,110.06,17.03,2.22,0
573.63,85.06,14.31,2.41,0
412,142.88,10.09,2.67,0
757.88,65.13,6.93,3.38,0
399.5,120.81,22.88,2.59,0
535.13,163.81,25.74,4.09,0
738.81,124.69,17.19,3.38,0
478.31,65.81,5.28,3.55,0
676.5,78.75,6.29,2.06,0
426.5,65.69,3.32,2.93,0
473.5,70.63,33.53,2.67,0
520.44,127.88,15.73,2.94,0
536.5,144.94,0.01,3.62,0
554.56,77.06,11.74,3.08,0
446.25,75.25,19.81,3.49,0
439.94,127.38,2.01,4.1,0
582.69,86.94,11.47,4.1,0
580.75,99.44,15.98,3.33,0
782.5,114.56,4.64,4.07,0
532.44,82.38,11.72,4.1,0
395.94,68.13,25.16,3.74,0
420.38,71.81,8.31,3.02,0
541.69,75.25,4.93,2.52,0
534.75,71.06,6.54,4.07,0
511.63,130.13,1.24,4.1,0
405.19,72,32.44,3.33,0
389.31,64.75,9.43,2.85,0
821.69,113.63,0.54,3.01,0
635.56,114.63,24.61,3.9,0
558.88,79.75,7.7,3.64,0
861.69,90.69,4.81,3.75,0
816.81,148.38,5.85,3.88,0
887.69,129.88,2.22,4.1,0
548.13,89.5,14.46,2.12,0
548.13,73.31,1.63,2.25,0
468.69,85.88,20.18,3.27,0
346.06,75.44,2.16,4.1,0
653.38,76.06,17.82,2.94,0
403.13,131,10.45,2.13,0
646.88,99.88,0.42,2.72,0
393,99.31,5.21,2.58,0
595.69,85.25,0.45,3.95,0
440.56,77.56,2.94,4.09,0
440.56,67.5,6.16,4.1,0
424.44,89.94,10.25,3.21,0
393.56,101.81,15.5,2.34,0
346,81.31,0.93,2.99,0
369.13,73.81,2.23,2.99,0
396.38,75.31,12.62,3.93,0
385,111.75,1.34,2.14,0
284.25,124.19,5.51,2.13,0
585.94,133.94,6.16,2.34,0
364.81,75,1.38,2.28,0
270.88,74.5,0.3,2.07,0
425.31,100.38,2.89,2.54,0
518.06,71.75,4.28,2.77,0
419.5,79.19,7.8,2.48,0
315.25,91.69,27.21,2.42,0
277.75,77.81,24.38,2.39,0
397.69,81.44,7.06,3.39,0
378.94,86.13,9.42,2.15,0
453.94,109.88,8.89,2.07,0
500.81,82.75,7.89,2,0
307.5,72.06,14.85,1.98,0
538.31,64.31,3.64,2.34,0
376.44,67.63,16.6,1.8,0
402.75,75.56,0.63,2.39,0
375.81,90.31,5.87,2.78,0
295.19,82,3.38,1.95,0
386.69,138.06,11.85,2.48,0
397.25,88.38,9.69,3.49,0
390.19,94.56,13.64,2.94,0
321.44,77.69,33.7,2.1,0
362.94,142.38,31.53,2.92,0
395,101.38,1.87,2.83,0
382.31,91.31,9.65,3.64,0
269.19,161.56,3.42,4.1,0
412.94,73.88,5.16,2.91,0
481.31,64.63,8.62,2.65,0
409.44,75.19,41.16,2.65,0
378,94.31,4.25,2.65,0
405.56,85.75,9.44,2.14,0
375,65,9.58,2.27,0
408.88,65.94,17.79,2.22,0
403.81,99.5,18.9,2.63,0
414.38,69.19,22.76,2.79,0
391.31,73.38,1.9,3.47,0
368.75,64.56,24.37,2.12,0
412.19,75.69,2.9,2.52,0
469.75,100.88,42.27,2.55,0
501.81,75.31,10.36,3.57,0
343.94,40.31,7.63,3.89,0
393.13,104.69,8.65,2.16,0
437.88,105.5,13.36,2.6,0
390.75,101,1.78,4.1,0
533.75,103.19,5.36,3.84,0
382.94,80.75,10.31,2.24,0
454.06,102.38,10.93,2.3,0
356.94,100.25,9.16,2.86,0
506.94,86.94,4.36,2.13,0
414.06,100.88,27.51,3.59,0
615.94,121.31,3.31,4.1,0
394.25,51.38,51.29,2.35,0
568,62.31,2.03,4.1,0
373.81,98.19,5.99,2.5,0
355.88,114.19,9.26,3.32,0
645.13,78.5,18.44,2.96,0
372.19,94.56,11.73,2.19,0
283.25,88.19,6.81,2.76,0
512.5,83.38,3.02,2.1,0
465.81,90.81,16.75,3.21,0
438.25,96.75,1.04,3.79,0
411.38,83.19,4.96,2.3,0
443.69,96.44,7.07,2.74,0
402.31,71.63,4.9,2.5,0
335.69,33.5,12.48,3.57,0
444.75,105.25,9.26,3.81,0
356.19,85.69,7.52,3.2,0
489.06,78.25,4.02,2.29,0
295.63,60.75,14.41,3.97,0
479.56,90.81,1.54,2.16,0
474.19,125.19,10.4,3.84,0
441.94,83.31,7.02,2.86,0
497.94,73.31,11.39,3.97,0
445.75,91.63,6.24,3.97,0
505.94,97.06,1.71,3.97,0
369.88,93.38,12.95,3.97,0
310.81,99.31,12.66,3.94,0
430.13,84.63,3.09,3.97,0
308.69,56.25,2.26,3.97,0
470.25,35.13,3.54,3.97,0
374.13,50.13,6.9,3.97,0
431.56,58.44,7.56,3.82,0
462.94,37.06,7.7,3.97,0
453.56,35.31,1.59,3.97,0
523.69,47,5.61,3.97,0
306.63,46.94,4.29,3.97,0
343.88,64.75,15.04,3.41,0
474.31,34.56,21.48,3.97,0
374.25,45.94,2.37,3.97,0
334.69,46.13,9.99,3.97,0
351.81,33.25,13.52,3.97,0
409.13,43.38,1.52,3.4,0
498.81,58.19,8.49,3.97,0
320.75,38.38,2.06,3.97,0
503,64.38,5.28,3.97,0
424,46.06,6.08,3.84,0
396.31,42,1.78,3.97,0
516.06,43.06,3.47,3.95,0
309.81,88.19,5.63,3.94,1
381.31,291.31,0.05,3.97,1
442.56,105.56,0.63,3.97,1
692,170.44,5.73,3.97,1
689.69,277.38,5.51,3.97,1
764.94,310.69,5.88,3.87,1
675.44,293.94,0.95,3.97,1
562.13,229.81,1.04,3.97,1
805.31,365.63,5.7,3.38,1
425.25,141.13,3.1,3.97,1
529.31,278.69,4.47,3.97,1
465.31,119.5,1.99,3.97,1
519.31,464.38,4.19,3.97,1
405.44,437.44,3.78,3.97,1
688,267.31,1.25,3.97,1
404.75,104.75,0.36,3.97,1
431.5,469,0.48,3.97,1
497.75,246.88,2.09,3.84,1
729.69,110.38,8.91,3.97,1
618.25,179,5.05,3.97,1
821.19,330.25,7.11,3.97,1
407.13,467.81,7.55,3.78,1
742,483.56,6.09,3.97,1
554.75,434.56,8.66,3.97,1
831.56,285.63,4.98,3.97,1
508.94,456.81,8.71,3.92,1
579.19,282,10.09,3.97,1
497.19,528.19,14.16,3.97,1
581.38,257.38,7.57,3.97,1
515.63,468,3.41,3.97,1
439,468,3.97,3.97,1
730.81,434.69,6.68,3.77,1
609.19,157.88,4.98,3.97,1
449.81,375.81,5.42,3.97,1
517.94,242.5,2.59,3.97,1
527,309.75,0.67,3.97,1
359.5,335.25,0.08,3.97,1
789.19,163.69,4.91,3.97,1
588.88,568.5,0.35,3.97,1
410.69,310.88,2.13,3.2,1
625.31,453.94,2.77,3.28,1
626.5,402.69,5.89,3.97,1
352.44,212,0.36,3.97,1
501.81,149.13,2.99,3.95,1
402.44,321.63,5.63,3.97,1
641.25,213.13,3.6,2.42,1
493.19,269.88,2.48,1.19,1
801.19,373.56,6.38,0.98,1
527.94,229.5,1.84,1.07,1
527.94,316.13,7.38,2.19,1
493.81,282.81,0.99,1.08,1
354.88,376.88,1.06,2.43,1
870.75,187.63,5.34,1.2,1
423.25,236.25,8.44,1.41,1
485.75,335.56,7.25,1.12,1
682.13,330.56,0.7,2.44,1
359.25,191.88,8.72,4.11,1
510.88,207.38,11.16,3.49,1
397.38,136.94,5.93,4.11,1
413.56,142.88,74.13,3.04,1
749.63,112.88,22.32,4.11,1
753.56,147.94,28.08,3.23,1
843.38,134.25,6.54,4.07,1
433.25,149.13,2.74,3.29,1
424.75,149.75,41.55,3.31,1
561.81,84.44,6.33,4.11,1
362.31,77.94,2.34,4.11,1
495.75,77.88,3.42,4.11,1
636.81,72.19,10.29,4.11,1
558.75,65.69,4.33,4.11,1
583.63,84,2.21,4.11,1
616.69,71.88,0.13,4.11,1
643.81,66.81,0.32,3.88,1
536.63,74.81,3.2,4.11,1
548.19,64.88,3.83,4.11,1
560.81,63.94,1.27,4.11,1
590.5,78.69,0.49,3.35,1
550.38,69.94,7.31,4.06,1
622.06,72.69,13.38,3.86,1
604.06,71.44,4.58,4.11,1
640.75,109.63,1.27,3.5,1
542.38,85.63,3.01,4.11,1
553.06,104.69,4.62,4.11,1
595.31,105.5,13.77,4.11,1
537.75,101,1.78,4.11,1
519.31,103.19,14.82,4.11,1
580.75,102.38,12.68,4.11,1
598.56,100.25,13.57,3.31,1
598.31,100.88,26.66,4.11,1
587.25,121.31,6.84,4.11,1
599.63,98.19,6.29,4.11,1
480.19,114.19,9.26,3.52,1
577.56,94.56,9.17,4.11,1
587.75,88.19,6.23,3.63,1
524.38,83.38,0.09,3.98,1
573.5,90.81,7.53,4.11,1
573.19,96.75,1.35,3.47,1
541,83.19,13.42,3.78,1
518.81,96.44,7.07,4.11,1
575.63,92.69,14.26,3.92,1
569.75,105.25,13.91,4.01,1
584.5,85.69,0.94,3.83,1
465.81,90.81,1.32,4.11,1
451.5,125.19,22.25,4.07,1
603.94,91.63,6.97,3.93,1
562.13,97.06,5.55,4.11,1
624.19,93.38,13.69,4.11,1
387.69,99.31,12.68,0.25,1
527.69,84.63,2.63,0.22,1
534.5,96.56,1.52,0.31,1
598.5,87.31,4.96,0.46,1
532.19,112.19,14.96,0.32,1
383.75,92.94,4.64,0.28,1
539.06,141.06,3.26,0.31,1
454.38,85.75,1.73,0.27,1
415.81,107,9.91,0.63,1
378.81,91.38,0.02,0.25,1
524.5,89.38,4.02,0.39,1
587.31,80.81,1.98,0.34,1
549.38,93.69,5.45,0.35,1
605.38,92.06,10.73,0.3,1
624.94,104.94,5.7,0.23,1
547.06,82.13,7.07,0.26,1
514.63,94.88,17.08,1.3,1
530.88,96.75,21.9,0.24,1
638.25,85.56,1.35,0.78,1
543.94,108.06,15.62,0.26,1
504.44,88.63,13.64,0.76,1
453.69,83.56,4.56,0.54,1
544.06,95.75,7.85,0.29,1
463.06,89.31,2.13,0.29,1
440.88,101.31,12.75,0.32,1
548.88,88.94,1.52,0.26,1
534.94,91.88,8.86,0.5,1
597.81,85.44,1.1,0.22,1
412.31,104.13,0.01,0.4,1
526.31,93.69,7.75,0.28,1
479.19,92.5,3.12,0.29,1
408.63,47.38,24.48,0.21,1
409.94,25.19,1.02,0.61,1
488.75,25.31,27.93,0.21,1
488.94,26.88,3.55,1.73,1
682.81,24.31,2.14,0.22,1
599.38,25.88,3.6,0.42,1
544.56,23,9.99,0.28,1
482.5,22.88,8.93,0.26,1
494.94,27.75,20.53,0.56,1
418.5,30,3.37,1.9,1
540.88,28.44,1.28,0.85,1
474.38,24.5,3.68,0.35,1
456.63,24.63,0.88,0.34,1
549,22,9.6,0.67,1
445.38,27.75,24.82,0.41,1
576.13,25.31,3.19,0.37,1
416.63,21,3.06,0.38,1
429,21.81,0.01,0.38,1
479.69,21.88,0.57,0.29,1
538.31,22.31,3.98,0.21,1
317.69,19.19,2.49,0.97,1
308.75,87.75,9.23,1.44,1
354.94,87.75,2.03,1.69,1
367.19,93.69,7.36,1.26,1
431.31,20.06,1.43,1.03,1
500.13,24,3.51,1.38,1
397.56,26.44,0.55,1.23,1
509.25,23.75,2.72,1.38,1
587.63,129.06,55.72,1.28,1
307.38,143.81,55.99,1.3,1
464.5,114.19,67.07,1.32,1
396.56,109.88,59.6,1.03,1
443.69,112.13,56.42,1.26,1
415.56,141.75,57.93,1.09,1
332.06,110.88,57.05,0.97,1
460.81,95.06,54.61,1.28,1
432.75,144.5,56.18,1.06,1
468.31,134.69,53.17,1.29,1
605.56,105.56,55.56,1.26,1
483.75,114.56,59.13,1.4,1
516.38,94.69,56.22,1.16,1
318.63,105.56,60.41,1.21,1
397.38,130.56,51.71,1.2,1
459.31,97.06,55.99,1,1
390.31,105.31,55.92,1.24,1
412.19,132.5,53.95,1.25,1
395.94,96.63,54.15,1.8,1
471.75,93.69,58.83,1.13,1
438.25,96.13,56.51,1.23,1
411.38,104.13,52.37,1.05,1
443.69,134.25,60.53,1.49,1
402.31,110.38,54.14,1.17,1
444.75,177.19,57.95,1.42,1
489.06,152.19,59.18,1.37,1
479.56,100.25,56.63,1.36,1
474.19,115.44,55.84,1.29,1
441.94,102,52.49,1.02,1
497.94,96.06,54.89,1.26,1
519.63,119.56,58.68,1.12,1
369.88,125.94,54.86,1.05,1
430.13,43.63,1.99,1.42,1
470.25,42.88,1.15,1.23,1
374.13,40.56,3.25,1.33,1
431.56,62.13,19.04,1.33,1
462.94,48.63,13.22,1.03,1
410.5,92.69,0.35,1.21,1
478.94,103.69,2.09,1.19,1
403.69,61,5.52,1.27,1
374.94,45.44,1.99,1.3,1
441.75,123.88,6.75,1.51,1
401.56,56.81,5.48,1.4,1
482.31,38.44,2.05,1.51,1
411.06,40.69,6.53,0.95,1
495.44,130.06,5.95,1.39,1
500.19,56.06,5.96,1.5,1
405.94,112.31,24.04,1.07,1
491.38,40.56,1.84,1.38,1
414.88,87.75,0.89,1.21,1
458.19,49.81,1.91,1.58,1
486.88,74.06,0.21,1.44,1
417.25,110.94,5.13,1.46,1
503.88,139.38,14.93,1.01,1
518.38,100.25,4.95,1.53,1
500.56,50.88,5.92,1.23,1
471,47.19,4.99,1.28,1
480.69,43.31,13.93,1.11,1
458.81,72.25,1.34,1.35,1
525.88,137.13,6.19,1.22,1
418.19,89.19,6.96,0.99,1
446.88,53.44,0.04,1.56,1
529,43.38,1.52,1.19,1
538.44,73.81,0.94,1.32,1
463.19,64.63,7.29,1.17,1
559.13,73.94,8.86,1.04,1
534.13,101,4.16,1.1,1
421.88,47.06,14.44,1,1
560.13,90.56,12.58,1.09,1
555.06,42.19,8.6,1.22,1
541.69,84.38,8.43,1.1,1
547.06,100.63,3.83,4.09,1
532.88,63.88,4.15,3.91,1
556.25,48.56,11.55,4.04,1
539.06,115.88,9.78,4.09,1
546.94,47.44,4.37,3.3,1
535.75,49.88,1.8,4.09,1
450.69,111.38,2.39,3.63,1
513.69,43.06,0.74,3.76,1
407.94,44.13,5.06,3.17,1
503.25,108.19,5.52,3.87,1
503.13,58.13,10.44,3.18,1
512,38.75,0.32,4.09,1
503.5,44.69,6.25,4.09,1
490.44,111.5,2.3,3.09,1
544.63,102.31,25.41,4.09,1
487.31,76.13,6.75,4.09,1
550.56,42.06,1.13,4.09,1
523.06,38.38,0.58,4.09,1
539.88,50.38,14.99,4.09,1
545.94,58.69,3.86,4.09,1
539.81,133.19,3.82,4.09,1
470.63,48.13,7.88,4.09,1
532.81,42,3.99,4.09,1
518.44,38.88,1.67,4.03,1
547.31,38.06,7.57,3.79,1
486.5,124.63,9.26,4.09,1
524.75,66.19,10.83,3.3,1
524.19,45.75,6.84,4.04,1
319,115.44,6.57,4.09,1
549.19,115.44,0.47,4.09,1
530.25,67.44,11.8,3.85,1
316,62,2.75,4.01,1
535.75,52.69,4.09,4.09,1
553.44,87.25,0.25,4.09,1
523.25,48.44,6.02,4.09,1
543.06,51.44,6.75,3.77,1
533.25,75.13,5.98,4.08,1
523.31,131.13,2.7,2.98,1
547.69,40.88,7.41,2.98,1
568.63,107.38,9.25,2.98,1
493.69,41.63,0.52,2.98,1
442.5,131.88,4.02,2.98,1
515.75,82.13,5.32,2.98,1
470.5,76.38,6.52,2.05,1
533.88,67.5,4.11,2.67,1
210.31,125.94,3.73,1.87,1
303,62.31,6.51,3.69,1
337.75,101.88,3.77,3.69,1
340.69,59.44,0.82,3.69,1
233,120.94,7.01,3.69,1
248.25,58.19,0.4,3.69,1
239.94,117.13,4.47,3.69,1
382.56,37.75,3.15,3.69,1
222.69,137.31,1.93,2.8,1
213.88,91.44,9.61,3.49,1
362.44,102.81,2.21,3.49,1
383.38,43.5,4.1,3.49,1
218.06,58.94,7.79,3.04,1
376.69,42,1.72,1.84,1
255.13,36.31,2.5,3.93,1
387.63,55.56,5.27,3.93,1
261.94,70.88,9.36,4.05,1
391.25,64.88,9.73,1.62,1
293.13,59.5,13.98,4.09,1
330,61.19,10.61,2.96,1
422.88,48,5.85,2.96,1
297.44,54.38,11.69,2.41,1
393.13,38.13,8.35,2.93,1
237.31,71.88,8.87,2.93,1
241.06,37.25,3.32,2.93,1
434.13,155.56,0.33,2.93,1
178.5,80.56,0.05,2.52,1
318.31,50,1.16,4.09,1
484.69,64.63,2.71,2.42,1
210,78,2.65,4.09,1
332.63,40.13,0.45,3.48,1
294.56,55.56,7.08,4.09,1
394.13,52.63,1.28,1.93,1
231.88,50.38,0.6,4.09,1
406.75,39.25,6.5,4.09,1
297.75,43.81,0.55,1.64,1
316.25,46.56,0.31,2.19,1
212.19,36.81,5.06,3.48,1
249.94,61.44,3.72,3.48,1
198.5,37.63,16.67,3.48,1
267.06,53.13,2.31,2.12,1
299.75,61.13,11.92,1.79,1
295.13,45.38,8.96,2.01,1
223.56,48.25,6.13,4.09,1
363.75,51.31,6.37,4.09,1
196,71.06,6.9,4.09,1
324,52.88,0.23,2.52,1
253.69,52.63,11.22,4.01,1
386.13,60.5,6.45,1.59,1
263.31,56.13,8.67,2.13,1
195.06,38.38,3.97,3.31,1
291.94,85.75,3.42,2.66,1
274.5,57,3.02,2.74,1
324.88,72.31,2.2,2.74,1
237,53.13,5.94,3.22,1
512.44,60.88,8.57,3.22,1
245.88,55.31,8.97,3.22,1
354.44,37.44,3.64,3.22,1
206.06,62.06,7.79,2.13,1
506.88,56.25,5.85,2.75,1
259.94,49.5,3.11,2.75,1
285.5,32.88,1.86,3.62,1
242.63,40,3.07,2.33,1
241.69,91.38,0.66,2.33,1
341.44,39.63,3.07,2.33,1
253.94,38.5,5.12,2.4,1
509.31,63.19,2.16,2.4,1
229.5,45.5,19.22,2.4,1
350.44,44,6.9,2.4,1
243.88,49.44,8.55,2.4,1
411.38,64.63,9.32,2.4,1
349.44,72.63,16.88,2.4,1
411.88,42.31,11.56,2.4,1
388.63,77.56,10.37,2.4,1
271.13,54.94,2.09,2.4,1
353.25,81,2.97,2.4,1
334,44.06,0.18,2.4,1
243,51.69,1.12,2.4,1
419.88,81.06,3.04,2.1,1
424.69,31.94,1.87,3.02,1
256.56,42.31,0.54,3.02,1
219.63,71.63,4.93,3.02,1
426.25,74.31,4.19,3.02,1
189.94,79.25,0.72,3.02,1
269.56,63.56,0.41,3.02,1
383.56,38.31,3.98,3.02,1
387,114.31,12.42,2.67,1
255,69.13,13.29,2.67,1
348.25,46.25,9.6,2.67,1
377.5,34,3.58,2.67,1
289.63,26.25,3.51,2.67,1
582.44,36.56,1.2,2.67,1
203.75,33.25,3.97,2.67,1
254.31,25.94,0.15,2.67,1
266.94,23.75,4.16,2.67,1
245.88,21.44,4.05,3.68,1
240.31,44.31,4.98,3.68,1
271.06,23.81,3.93,3.68,1
210.88,26.75,3.35,3.68,1
215.63,44.63,1.51,3.68,1
408.81,32.38,1.76,3.68,1
217.75,39.44,0.52,3.68,1
307.31,26.19,4.63,3.68,1
245.44,35.63,8.28,3.75,1
236.94,23.31,2.45,3.75,1
384.25,24.69,1.12,3.75,1
350.38,21.25,0.19,3.75,1
280.25,23.31,1,3.75,1
200.38,21.44,3.56,3.75,1
253.13,27,4.06,3.75,1
265.5,49.56,3,3.75,1
240.25,78.94,1.38,1.99,1
623.88,22.31,3.1,1.99,1
604.56,26.38,5.35,2.25,1
529.56,21.38,4.27,2.25,1
556.69,31.94,0.18,2.25,1
565.88,33.25,12.16,2.25,1
665.06,23.31,2.4,2.25,1
578.06,41.75,1.97,2.25,1
569.75,23.5,2.13,2.25,1
638.5,25,6.04,3.68,1
583.44,28.44,4.12,3.68,1
706.19,51.88,3.61,3.68,1
568.56,61.31,7.83,3.68,1
586.69,31.38,1.47,3.68,1
630.31,60.44,0.65,3.68,1
556.88,32,1.8,3.68,1
543.94,33.5,1.23,3.68,1
605.69,27.63,0.6,3.68,1
623.38,40.88,2.76,3.68,1
552.81,44.06,0.8,3.3,1
604.56,56.38,1.41,3.3,1
552.81,24.94,2.65,3.3,1
543.94,28.56,3.73,3.3,1
623.38,20.38,2.13,3.3,1
704.25,24.44,1.99,3.3,1
729.19,27.13,0.62,3.3,1
661.81,31,0.37,3.3,1
765.5,19.81,2.36,3.3,1
724.75,27.19,3.01,3.3,1
844.25,50,0.71,3.3,1
551.31,31.38,4.24,1.75,1
723.69,30.81,1.42,1.75,1
665.13,21.19,0.85,4.04,1
683.5,29.94,3.09,4.04,1
699.94,36.31,1.11,4.04,1
709.25,36,1.7,4.04,1
776.31,46.19,0.43,4.04,1
758.44,27,0.27,4.04,1
577.63,55.75,2.44,4.04,1
683.88,40.19,5.48,4.04,1
735.5,53.19,1.55,4.04,1
595.75,28.13,5.67,4.04,1
824.94,32.63,0.13,4.09,1
530.06,35.25,10.19,4.09,1
611,21.06,9,2.5,1
683.63,24.44,6.85,1.92,1
753.88,20.31,1.19,3.13,1
673.88,22,0.75,3.14,1
667.5,25.69,7.62,3.49,1
639,22.38,5.18,2.12,1
586.88,27.81,9.94,4.12,1
826.38,27.81,8.91,1.89,1
586.56,21.5,7.02,2.45,1
735,27.75,7.91,2.39,1
793.38,27.31,8.44,3.51,1
733.25,35.13,3.17,3.51,1
696.63,25,2.41,3.74,1
617.13,21.44,7.15,3.74,1
528.88,20.88,2.37,2.82,1
476.63,25.38,5.21,2.82,1
575.56,22.38,5.52,2.82,1
535.56,22.38,6.55,4.03,1
659.88,31.88,3.75,4.03,1
640.38,25.56,10.75,4.03,1
616.5,73.81,0.08,2.22,1
518,21.06,9,2.39,1
835.94,35.25,10.19,1.68,1
312.63,24.44,6.85,2.14,1
427.63,31.88,3.75,4.11,1
435.88,25.38,5.21,4.11,1
515.44,23.19,10.74,2.46,1
391.31,27.81,9.94,1.74,1
353.5,27.75,7.91,1.57,1
348.56,22.38,5.18,2.26,1
320.75,21.44,7.15,3.76,1
438.06,27.81,8.91,1.65,1
402.25,22,0.75,2.5,1
433.88,24.06,0.26,2.07,1
408.25,73.81,0.08,1.56,1
247.5,25.69,7.62,1.7,1
301.44,25.56,10.75,1.63,1
445.63,22.38,5.52,2.26,1
801.56,20.31,1.19,1.98,1
725,21.38,7.99,4.11,1
533,25,2.41,1.73,1
435.13,35.13,3.17,1.8,1
286.06,22.38,6.55,1.6,1
261.13,27.31,8.44,2.96,1
317.5,21.25,6.31,2.04,1
419.94,58.13,5.19,2.37,1
412.06,54.25,9.42,1.55,1
421.44,63.38,8.95,1.83,1
429.56,59.13,0.25,1.83,1
430.31,112.69,0.75,1.93,1
406.69,159.94,2.76,2.54,1
440.38,119.75,0.3,1.88,1
428,66.81,6.9,2.47,1
409.5,53.94,16.36,2.27,1
446.38,52.25,6.02,2.82,1
463.06,53.38,8.29,2.18,1
418.13,63.69,12.94,2.21,1
427.69,99.44,4.26,2.47,1
417,101.81,16.26,2.25,1
396.31,50.94,0.7,2.04,1
419.94,66.94,3.6,1.98,1
421.81,99.69,3.22,2.07,1
444.56,90.56,8.42,1.92,1
413.56,60.88,2.58,2.06,1
291,57.31,11.37,2.22,1
466.44,120.63,7.83,2.02,1
416.44,91.75,18.64,2.3,1
446.25,75.44,14.3,2.28,1
334.25,148.06,6.5,2.42,1
423.63,117,4.5,1.83,1
426.56,57.31,13.97,2.31,1
431.69,117.5,5.57,2.14,1
678.69,115.38,2.85,2.27,1
426.13,70.56,4.63,1.89,1
911.94,55.06,17.18,3.51,1
675.06,76,2.29,2.4,1
650.19,51.25,5.26,1.81,1
437.5,90.44,13.97,2.19,1
822.75,141.06,13.09,1.64,1
457.94,55.88,3.08,2.77,1
779.25,75.13,0.36,3.33,1
772.38,73.81,1.23,2.56,1
700.38,154.88,30.6,2.18,1
663.13,111.63,32.07,2.76,1
741.19,98.44,33.23,3.42,1
674.94,50.13,7.59,3.25,1
787.06,117.19,0.19,2.59,1
715.38,56.56,13.42,2.6,1
762.5,86.88,12.84,4,1
646,111,1.7,3.34,1
681.81,61.75,19.82,2.72,1
718.5,124,4.62,2.4,1
700.75,71.5,5.14,1.91,1
737,80,0.96,2.12,1
643.31,51.56,6.12,2.22,1
712.94,123.13,5.8,2.14,1
686.19,145.25,49.27,2.27,1
627.13,60.75,28.41,3.07,1
637.06,66.56,7.25,3.42,1
665.31,72.19,15.97,3.06,1
902.94,89.56,6.79,2.6,1
779.25,54.13,10.18,2.19,1
643.31,50.56,7.28,1.76,1
700.38,67.63,3.03,2.18,1
718.5,61.38,5.85,2.46,1
681.81,66.94,7.45,2.07,1
712.94,118.69,6.37,1.94,1
700.75,260,16.08,2.35,1
663.13,117.19,10.19,1.64,1
787.06,56.94,1.86,2.11,1
686.19,107.44,0.25,3.33,1
646,124.88,0.51,1.94,1
650.19,60.31,5.2,2,1
604.25,89.94,6,4.1,1
458.25,63.88,13.94,4.11,1
418.94,86,18.02,4.07,1
403.44,77.75,20.14,4.11,1
430.25,54.13,1.89,2.01,1
428.63,112.63,29.41,3.08,1
318.94,143.25,32.52,3.75,1
472.06,95.81,1.24,3.83,1
472.06,140.31,3.68,2.23,1
391.31,84.25,2.79,3.45,1
378.75,77.44,6.8,4.11,1
462.56,67.69,6.08,2.63,1
393.75,102.81,8.19,3.83,1
464,118.5,29.39,3.83,1
416.94,64.38,8.43,3.83,1
363.13,119.31,18.12,3.83,1
413.81,163.94,18.49,4.11,1
455.5,105.13,10.52,3.08,1
403.88,87.63,9.44,4.11,1
484.5,102.56,3.87,2.95,1
454.06,71.69,6.02,2.73,1
428.25,89.44,5.19,4.11,1
452.5,67.81,10.87,3.75,1
424.19,99.38,8.99,3.75,1
464.88,82.69,17.43,3.75,1
611.69,91,6.52,3.75,1
393.19,66.5,7.84,3.75,1
345.88,127.31,0.54,2.81,1
422.94,101.13,10.71,2.83,1
374.94,157.25,41.99,1.89,1
414.25,81.88,1.29,4.11,1
414.94,147.25,7.5,4.11,1
442.69,107,5.08,1.94,1
509.06,88.38,19.53,1.9,1
461.38,107.88,4.53,1.86,1
347.63,102.19,13.92,3.45,1
416,82.38,10.37,4.11,1
453.19,95.31,1.99,4.11,1
478,64.5,7.43,2.63,1
361.13,137.5,0.03,3.79,1
424.06,143.81,22.82,3.79,1
446.94,102.25,1.5,3.5,1
365.5,68.56,2.32,1.97,1
413.5,171.56,2.3,3.84,1
393.94,147.5,17.68,2.51,1
345.69,75.75,9.5,1.99,1
417.94,71.06,1.03,3.37,1
513.69,114.63,2.99,2.94,1
413.25,71.25,16.9,3.57,1
397.81,68.31,3.45,4.06,1
407.06,140.13,7.19,3.06,1
398.81,69.19,11.36,4.07,1
445.5,77.63,11.8,3.31,1
453.31,118.69,4.07,4.11,1
427.63,73.56,9.01,4.11,1
401.06,68.69,16.05,4.11,1
437.31,95.44,5.13,4.11,1
466.94,130.56,26.54,1.88,1
524.5,65.25,3.94,4.11,1
625.31,107.31,1.39,4.11,1
427.75,87.44,15.75,4.11,1
415.44,99.31,52.69,4.11,1
503.81,91.13,3.19,4.11,1
423.69,67.38,8.74,4.11,1
445.25,82.25,38.21,4.11,1
518.31,69.69,7.15,4.11,1
830.75,86.25,0.11,3.3,1
492.06,87,40.59,4.11,1
766.25,74.5,4.75,4.11,1
430,79.94,6.36,4.1,1
535.63,94.25,26.96,2.35,1
594.75,69.94,9,4.07,1
396.06,88.63,4.27,4.07,1
416.88,69.13,15.18,2.01,1
467.06,71.5,20.75,4.06,1
619,65.5,17.69,3.27,1
672.63,91.63,1.61,1.88,1
445.81,130.56,32.18,1.99,1
470.69,76.19,2.94,2.04,1
429.31,95.88,25.07,2.57,1
421.81,191,55.13,2.23,1
524.69,81.56,16.87,4.11,1
578.31,211.38,48.69,1.95,1
566.75,71.44,16.7,2,1
390.31,149.31,15.08,2.57,1
851.19,148.75,43.22,3.77,1
614.5,66.19,13.23,4.1,1
605.06,75.5,14.65,2.34,1
628.81,74.25,21.03,2.09,1
382.69,100.69,29.47,4.1,1
431.44,113.19,3,2.12,1
588.38,68.56,33.05,3.31,1
804.69,114.19,31.16,2.85,1
554.06,68.56,19.04,3.28,1
610.5,121.5,46.64,4.11,1
378.81,191,52.39,2.16,1
566.31,127.19,1.79,3.81,1
572.25,96.25,9.49,2.08,1
485.31,106.63,16.67,2.92,1
626.06,105.56,29.84,3.15,1
701.38,89.63,2.74,2.37,1
855.19,84.25,12.98,2.64,1
497.38,101.25,31.48,2.09,1
433.13,125.38,8.63,3.01,1
574.94,134.25,1.47,2.68,1
394.44,121.5,54.28,3.71,1
346.69,117.38,29.57,2.46,1
395.44,148.75,17.3,2.09,1
435.94,191,70.99,2.57,1
351.63,81.69,17.16,4.06,1
387,79.5,12.3,2.25,1
434.69,66.19,13.23,2.29,1
432.69,101.25,41.77,2.51,1
427.44,101.25,31.48,2.63,1
483.69,113.19,3,4.05,1
440.31,134.25,1.47,4.05,1
567.81,71.94,20.54,2.63,1
591.13,84.25,12.98,2.49,1
490.31,71.44,16.7,2.08,1
1007.44,91.63,1.61,3.45,1
389.63,100.69,29.47,2.51,1
396.75,79.94,6.36,2.43,1
412.06,95.88,25.07,2.44,1
514.69,125.38,8.63,3.88,1
572.56,134.38,37.05,2.48,1
603.06,68.44,22.07,2.22,1
478.81,65.5,17.69,2.05,1
727.63,68.56,33.05,2.29,1
420.19,128.81,53.05,1.46,1
455.94,76.19,2.94,2.32,1
365.63,106.63,16.67,1.47,1
416.06,96.25,9.49,1.81,1
384.81,74.25,21.03,1.92,1
557,68.56,19.04,2.22,1
375.25,89.63,2.74,2.25,1
373.5,171.56,28.38,2.25,1
410.19,105.56,29.84,1.83,1
414.69,75.5,14.65,3.08,1
433.94,127.25,18.59,2.2,1
476.88,114.19,31.16,2.35,1
487.94,151.94,78.58,1.39,1
650.63,149.31,15.08,1.38,1
369.56,69.13,15.18,1.62,1
688.38,71.38,21.1,1.67,1
306.25,87,40.59,1.41,1
402.13,81.56,16.87,1.89,1
626.63,181.75,41.83,1.78,1
427.31,78.69,1.01,4.1,1
418.38,161.69,23.52,1.43,1
541.06,127.19,1.79,1.74,1
576.75,115.69,8.66,2.48,1
591.38,121.25,51.49,1.84,1
599.38,81.69,17.16,1.53,1
602.94,191,0.28,1.88,1
438.13,94.25,26.96,1.48,1
468.75,148.75,17.3,1.85,1
503.25,86.25,0.11,1.87,1
542.25,71.5,20.75,4.1,1
389.69,211.38,48.69,2.29,1
350.81,64.56,1.07,3.32,1
329.19,117.38,29.57,3.54,1
327.69,88.63,4.27,4.1,1
377.19,74.5,4.75,2.06,1
331.63,69.69,7.15,2.9,1
305.44,130.56,32.18,3.25,1
308,122.13,2.61,3.25,1
469.44,86.56,32.88,4.09,1
281.19,79.25,15.61,2.87,1
303.19,121.5,46.64,2.7,1
431.38,69.94,9,2.86,1
260.56,96.38,29.57,4.1,1
339.25,82.25,4.86,4.1,1
484.31,42.94,2.48,2.52,1
432.38,44.31,1.88,3.27,1
330.69,45.31,4.45,2.73,1
276.13,40.81,3.86,4.05,1
327.56,51.06,2.1,2.29,1
320.25,52.13,1.51,3.82,1
273.38,42.88,0.57,2.87,1
378.19,59.88,3.92,4.09,1
387.5,32.5,1.8,2.39,1
426.75,45.75,3.23,3.75,1
458.69,49.75,15.95,4.09,1
340.25,59.81,2.49,3.79,1
551.56,34.31,1.77,4.09,1
370.13,51.13,8.31,2.72,1
473.06,29.69,6.3,4.06,1
387.25,25.44,4.99,3.29,1
351.81,25.88,3.07,4.09,1
362.69,20.88,0.06,4.09,1
485.5,47.06,6.57,3.78,1
545.75,39.31,9.38,4.05,1
563.81,26.81,2.4,3.88,1
566.06,50.25,9.62,2.27,1
385.38,26.75,4.74,2.47,1
407.75,28.44,2.09,1.71,1
302.75,61,7.18,1.25,1
313.13,27.38,4.37,1.33,1
409.81,39.81,22.76,1.26,1
380.63,32.81,2.6,1.33,1
362,29.06,7.97,1.6,1
424.69,31.5,8.75,1.55,1
315.75,40.56,8.76,1.41,1
367.63,76.75,6.88,1.62,1
204.81,41.38,9.69,1.43,1
387.75,41.69,10.69,1.3,1
418.94,28.69,2.58,1.29,1
250.25,30.56,7.82,1.94,1
371.44,45.38,1.56,1.47,1
327.63,31.19,8.79,1.32,1
483.81,32.38,7.61,1.4,1
330.06,39.44,10.2,1.97,1
400.25,97.75,15.37,1.4,1
272.81,29.25,10.24,1.67,1
475.69,60.19,1.63,1.27,1
408.13,54.75,6.84,1.26,1
347,41.31,12.53,1.34,1
430.69,58.75,13.41,3.28,1
298.38,42.06,0.71,1.3,1
316.56,25.44,0.78,2.76,1
311.38,39.06,12.15,3.74,1
260.81,39.31,3.12,1.82,1
263.81,75.69,3.87,2.27,1
333.06,32,11.31,2.46,1
401.06,35.75,10.54,1.88,1
366.38,61.31,11.8,3.08,1
338.88,40.13,14.58,2.05,1
155.13,41.19,5.94,3.68,1
376.44,31.94,7.62,3.42,1
403.25,28.19,7.52,2.3,1
234.88,29.44,11.44,3.35,1
292.75,23.88,3.65,3.28,1
228.38,36,6.63,2.74,1
234.69,72.25,5.04,3.91,1
161.81,36.69,5.41,2.79,1
236.5,41.19,10.99,4.11,1
222.06,62.69,8.41,3.35,1
266.44,28.31,11.56,3.98,1
389.06,29.13,10.02,3.89,1
187.31,52.88,10.57,3.89,1
224.31,66.06,11.25,3.89,1
265.69,43.5,3.6,4.11,1
144.13,43.63,7.6,3.01,1
477,35.13,4.73,2.25,1
373.13,65.06,0.08,3.56,1
346.19,35.63,7.27,4.11,1
325.13,78.63,10.85,4.08,1
196.69,25.06,3.34,2.65,1
276.5,31.13,4.56,4.08,1
250.06,29,10.03,3.79,1
471.63,22.06,5.21,3.19,1
196.81,29.81,8.04,3.19,1
273.13,41.63,9.08,2.78,1
422.5,28.94,2.92,2.86,1
449,51.44,6.77,2.53,1
176.81,48.63,4.59,2.95,1
374.81,79.13,2.18,3.98,1
286.38,103.25,3.2,4.11,1
297.06,57.63,7.19,4.11,1
305.31,29.25,10.23,3.81,1
313,33.5,3.79,3.81,1
212.81,31.56,14.36,3.86,1
368.25,26.5,4.71,3.86,1
368.69,39.38,6.71,4.07,1
390.94,30.38,4.75,4.07,1
403.5,61.19,3.31,4.11,1
413.75,65.56,5.83,4.11,1
392.88,29.69,13.06,2.53,1
233.63,81.63,10.3,3.86,1
165.06,28.5,5.63,3.98,1
285.19,68,0.78,2.95,1
230.31,43.75,2.62,3.86,1
242.81,40.25,5.75,4.07,1
222.88,23.63,8.2,4.11,1
222.88,24.94,0.46,4.11,1
129.38,26.38,5.68,4.11,1
210.25,28.38,5,4.04,1
250.81,22.69,7.33,4.11,1
259.56,26.38,3.7,4.11,1
145.88,40.5,2.62,4.11,1
228,22.88,3.64,4.11,1
328,27.38,2.48,4.11,1
434.13,33.25,2.04,4.11,1
306.88,49.38,1.56,4.11,1
